Customer_Code,i7_Barcode_Seq
Turdus_infuscatus_SAMN12984381,CGATGT
Turdus_plebejus_SAMN12984382,GATCAG
Turdus_albicollis_SAMN12984383,TAGCTT
Turdus_anthracinus_Burmeister_SAMN12984384,GGCTAC
Turdus_grayi_SAMN12984385,AGTCAA
Turdus_grayi_SAMN12984386,AGTTCC
Turdus_libonyana_SAMN12984387,ATGTCA
Turdus_amaurochalinus_SAMN12984388,CCGTCC
Turdus_rubripes_SAMN12984389,GTAGAG
Turdus_rufiventris_SAMN12984390,GTGGCC
Turdus_torquatus_SAMN12984391,GTGAAA
Turdus_libonyana_SAMN12984392,TGACCA
Turdus_serranus_SAMN12984393,GTGGCC
Turdus_obscurus_SAMN12984394,GTTTCG
Turdus_rufitorques_SAMN12984395,CGTACG
Turdus_obsoletus_SAMN12984396,GAGTGG
Turdus_anthracinus_SAMN12984397,GGTAGC
Turdus_obsoletus_SAMN12984398,ACTGAT
Turdus_pilaris_SAMN12984399,ATGAGC
Turdus_philomelos_SAMN12984400,GTGGCC
Turdus_poliocephalus_SAMN12984401,CAAAAG
Turdus_olivater_SAMN12984402,CAACTA
Turdus_amaurochalinus_SAMN12984403,ACAGTG
Turdus_poliocephalus_SAMN12984404,CACCGG
Turdus_reevei_SAMN12984405,CACGAT
Turdus_chiguanco_SAMN12984406,CACTCA
Turdus_migratorius_SAMN12984407,CAGGCG
Turdus_haplochrous_SAMN12984408,CATGGC
Turdus_leucomelas_SAMN12984409,CATTTT
Turdus_fuscater_SAMN12984410,CCAACA
Turdus_philomelos_SAMN12984411,CGGAAT
Turdus_falcklandii_SAMN12984412,CTAGCT
Turdus_fuscater_SAMN12984413,CTATAC
Turdus_nudigenis_SAMN12984414,GCCAAT
Turdus_nigriceps_SAMN12984415,CTCAGA
Turdus_nigriceps_SAMN12984416,GCGCTA
Turdus_nigriceps_SAMN12984417,TAATCG
Turdus_olivaceus_SAMN12984418,TACAGC
Turdus_reevei_SAMN12984419,TATAAT
Turdus_maculirostris_SAMN12984420,TCATTC
Turdus_maranonicus_SAMN12984421,TCCCGA
Turdus_nigrescens_SAMN12984422,TCGAAG
Turdus_olivater_SAMN12984423,TCGGCA
Turdus_rufiventris_SAMN12984424,CAGATC
Turdus_grayi_SAMN12984425,CTTGTA
Turdus_plebejus_SAMN12984426,ATCACG
Turdus_plebejus_SAMN12984427,TTAGGC
Turdus_grayi_SAMN12984428,ACTTGA
Turdus_serranus_SAMN12984429,CGATGT
Turdus_xanthorhynchus_SAMN12984430,GATCAG
Turdus_libonyana_SAMN12984431,TAGCTT
Turdus_plumbeus_SAMN12984432,GGCTAC
Turdus_albicollis_SAMN12984433,AGTCAA
Turdus_amaurochalinus_SAMN12984434,AGTTCC
Turdus_rufitorques_SAMN12984435,ATGTCA
Turdus_fulviventris_SAMN12984436,CCGTCC
Turdus_amaurochalinus_SAMN12984437,GTAGAG
Turdus_amaurochalinus_SAMN12984438,GTCCGC
Turdus_albicollis_SAMN12984439,GTGAAA
Turdus_pelios_SAMN12984440,TGACCA
Turdus_albicollis_SAMN12984441,GTGGCC
Turdus_nudigenis_SAMN12984442,GTTTCG
Turdus_nudigenis_SAMN12984443,CGTACG
Turdus_leucomelas_SAMN12984444,GAGTGG
Turdus_rufiventris_SAMN12984445,ACTGAT
Turdus_rufiventris_SAMN12984446,ATGAGC
Turdus_sanchezorum_SAMN12984447,ATTCCT
Turdus_sanchezorum_SAMN12984448,CAAAAG
Turdus_hauxwelli_SAMN12984449,CAACTA
Turdus_grayi_SAMN12984450,ACAGTG
Turdus_hauxwelli_SAMN12984451,CACCGG
Turdus_ignobilis_SAMN12984452,CACGAT
Turdus_ignobilis_SAMN12984453,CACTCA
Turdus_flavipes_SAMN12984454,CAGGCG
Turdus_fumigatus_SAMN12984455,CATGGC
Turdus_flavipes_SAMN12984456,CATTTT
Turdus_flavipes_SAMN12984457,CCAACA
Turdus_lawrencii_SAMN12984458,CGGAAT
Turdus_lawrencii_SAMN12984459,CTAGCT
Turdus_merula_SAMN12984460,CTATAC
Turdus_nudigenis_SAMN12984461,GCCAAT
Oenanthe_oenanthe_SAMN12984462,CTCAGA
Catharus_gracilirostris_SAMN12984463,GCGCTA
Geokichla_dumasi_SAMN12984464,TAATCG
Zoothera_dauma_SAMN12984465,TACAGC
Cochoa_viridis_SAMN12984466,TATAAT
Ridgwayia_pinicola_SAMN12984467,TCATTC
Turdus_swalesi_SAMN12984468,GTGGCC
Turdus_rubrocanus_SAMN12984469,TCGAAG
Turdus_hortulorum_SAMN12984470,TCGGCA
Psophocichla_litsitsirupa_SAMN12984471,CAGATC
Turdus_migratorius_SAMN12984472,CTTGTA
Turdus_chrysolaus_SAMN12984473,ATCACG
Turdus_merula_SAMN12984474,TTAGGC
Turdus_iliacus_SAMN12984475,ACTTGA
Turdus_fumigatus_SAMN12984476,CGATGT
Turdus_eunomus_SAMN12984477,GATCAG
Turdus_obscurus_SAMN12984478,TAGCTT
Turdus_hortulorum_SAMN12984479,GGCTAC
Turdus_iliacus_SAMN12984480,AGTCAA
Turdus_aurantius_SAMN12984481,AGTTCC
Turdus_lherminieri_SAMN12984482,ATGTCA
Turdus_viscivorus_SAMN12984483,CCGTCC
Turdus_pallidus_SAMN12984484,GTAGAG
Turdus_fuscater_SAMN12984485,TGACCA
Turdus_viscivorus_SAMN12984486,GTTTCG
Turdus_iliacus_SAMN12984487,CGTACG
Turdus_merula_SAMN12984488,GAGTGG
Turdus_serranus_SAMN12984489,ACAGTG
Turdus_merula_SAMN12984490,GCCAAT
Turdus_ignobilis_SAMN12984491,GTGGCC
Turdus_cardis_SAMN12984492,CTTGTA
Turdus_olivaceus_SAMN12984493,ATCACG
Turdus_iliacus_SAMN12984494,TTAGGC
Turdus_naummani_SAMN12984495,ACTTGA
