Pool ID,Sample/samples in pool,Index 1 (i7) - Type,Index 1 (i7) Sequence,Index 2 (i5) - Type,Index 2 (i5) Sequence,Comment
Capture-Library-A,U4172-A1,,CGATGT,,,
Capture-Library-A,U4176-A2,,TGACCA,,,
Capture-Library-A,U4155-A3,,ACAGTG,,,
Capture-Library-A,U4315-A4,,GCCAAT,,,
Capture-Library-A,U4192-A5,,CAGATC,,,
Capture-Library-A,U4170-A6,,CTTGTA,,,
Capture-Library-A,U4188-A7,,ATCACG,,,
Capture-Library-A,U4187-A8,,TTAGGC,,,
Capture-Library-A,U4166-A9,,ACTTGA,,,
Capture-Library-A,U4189-A10,,GATCAG,,,
Capture-Library-A,U4159-A11,,TAGCTT,,,
Capture-Library-A,U4162-A12,,GGCTAC,,,
Capture-Library-A,U4164-A13,,AGTCAA,,,
Capture-Library-A,U4168-A14,,AGTTCC,,,
Capture-Library-A,U4177-A15,,ATGTCA,,,
Capture-Library-A,U4273-A16,,CCGTCC,,,
Capture-Library-A,U4334-A17,,GTAGAG,,,
Capture-Library-A,U4332-A18,,GTCCGC,,,
Capture-Library-A,U2338-A19,,GTGAAA,,,
Capture-Library-A,U4345-A20,,GTGGCC,,,
Capture-Library-A,U4325-A21,,GTTTCG,,,
Capture-Library-A,U3899-A22,,CGTACG,,,
Capture-Library-A,U4320-A23,,GAGTGG,,,
Capture-Library-A,U4163-A24,,GGTAGC,,,
Capture-Library-A,U4319-A25,,ACTGAT,,,
Capture-Library-A,U4331-A26,,ATGAGC,,,
Capture-Library-A,U4340-A27,,ATTCCT,,,
Capture-Library-A,U4337-A28,,CAAAAG,,,
Capture-Library-A,U4322-A29,,CAACTA,,,
Capture-Library-A,U4336-A30,,CACCGG,,,
Capture-Library-A,U4339-A31,,CACGAT,,,
Capture-Library-A,U4279-A32,,CACTCA,,,
Capture-Library-A,U4305-A33,,CAGGCG,,,
Capture-Library-A,U4292-A34,,CATGGC,,,
Capture-Library-A,U4297-A35,,CATTTT,,,
Capture-Library-A,U4285-A36,,CCAACA,,,
Capture-Library-A,U4329-A37,,CGGAAT,,,
Capture-Library-A,U4281-A38,,CTAGCT,,,
Capture-Library-A,U4287-A39,,CTATAC,,,
Capture-Library-A,U4179-A40,,CTCAGA,,,
Capture-Library-A,U4314-A41,,GCGCTA,,,
Capture-Library-A,U4312-A42,,TAATCG,,,
Capture-Library-A,U4185-A43,,TACAGC,,,
Capture-Library-A,U4338-A44,,TATAAT,,,
Capture-Library-A,U4317-A45,,TCATTC,,,
Capture-Library-A,U4299-A46,,TCCCGA,,,
Capture-Library-A,U4309-A47,,TCGAAG,,,
Capture-Library-A,U4321-A48,,TCGGCA,,,
Capture-Library-B,U4194-B1,,CGATGT,,,
Capture-Library-B,U1098-B2,,TGACCA,,,
Capture-Library-B,U4169-B3,,ACAGTG,,,
Capture-Library-B,U4316-B4,,GCCAAT,,,
Capture-Library-B,U4178-B5,,CAGATC,,,
Capture-Library-B,U4308-B6,,CTTGTA,,,
Capture-Library-B,U4280-B7,,ATCACG,,,
Capture-Library-B,U4301-B8,,TTAGGC,,,
Capture-Library-B,U4294-B9,,ACTTGA,,,
Capture-Library-B,U4352-B10,,GATCAG,,,
Capture-Library-B,U4175-B11,,TAGCTT,,,
Capture-Library-B,U4335-B12,,GGCTAC,,,
Capture-Library-B,U4275-B13,,AGTCAA,,,
Capture-Library-B,U4156-B14,,AGTTCC,,,
Capture-Library-B,U4190-B15,,ATGTCA,,,
Capture-Library-B,U4282-B16,,CCGTCC,,,
Capture-Library-B,TAM6-B17,,GTAGAG,,,
Capture-Library-B,TAM2-B18,,GTCCGC,,,
Capture-Library-B,TAL24-B19,,GTGAAA,,,
Capture-Library-B,TAL13-B20,,GTGGCC,,,
Capture-Library-B,TNU2-B21,,GTTTCG,,,
Capture-Library-B,TNU1-B22,,CGTACG,,,
Capture-Library-B,TLEU5-B23,,GAGTGG,,,
Capture-Library-B,TLEU3-B24,,GGTAGC,,,
Capture-Library-B,TRUF10-B25,,ACTGAT,,,
Capture-Library-B,TRUF1-B26,,ATGAGC,,,
Capture-Library-B,TSCZ3-B27,,ATTCCT,,,
Capture-Library-B,TSCZ1-B28,,CAAAAG,,,
Capture-Library-B,THX5-B29,,CAACTA,,,
Capture-Library-B,THX1-B30,,CACCGG,,,
Capture-Library-B,TIG13-B31,,CACGAT,,,
Capture-Library-B,TIG3-B32,,CACTCA,,,
Capture-Library-B,TFU13-B33,,CAGGCG,,,
Capture-Library-B,TFU1-B34,,CATGGC,,,
Capture-Library-B,TFL5-B35,,CATTTT,,,
Capture-Library-B,TFL2-B36,,CCAACA,,,
Capture-Library-B,TLAW4-B37,,CGGAAT,,,
Capture-Library-B,TLAW3-B38,,CTAGCT,,,
Capture-Library-B,U4303-B39,,CTATAC,,,
Capture-Library-B,U1097-B40,,CTCAGA,,,
Capture-Library-B,GFB998-B41,,GCGCTA,,,
Capture-Library-B,U3456-B42,,TAATCG,,,
Capture-Library-B,Bali-B43,,TACAGC,,,
Capture-Library-B,BTC580-B44,,TATAAT,,,
Capture-Library-B,U4148-B45,,TCATTC,,,
Capture-Library-B,DOT6948-B46,,TCCCGA,,,
Capture-Library-B,U4053-B47,,TCGAAG,,,
Capture-Library-B,U4054-B48,,TCGGCA,,,
