P5355,1001,GNM7455,C1,Turdus fumigatus,1,,CGATGT
P5355,1002,GNM7449,C2,Turdus fuscater,2,NoIndex,TGACCA
P5355,1003,GNM10084,C3,Turdus serranus,3,NoIndex,ACAGTG
P5355,1004,GNM6136,C4,Turdus merula   ,4,NoIndex,GCCAAT
P5355,1005,GNM11291,C5,Turdus ignobilis,5,NoIndex,CAGATC
P5355,1006,GNM5706,C6,Turdus cardis,6,NoIndex,CTTGTA
P5355,1007,GNM11676,C7,Turdus olivaceus abyssinicus,7,NoIndex,ATCACG
P5355,1008,GNM780,C8,Turdus iliacus,8,NoIndex,TTAGGC
P5355,1009,GNM8584,C9,Turdus naummani,9,NoIndex,ACTTGA
P5355,1010,GNM5775,C10,Turdus eunomus,10,NoIndex,GATCAG
P5355,1011,GNM5778,C11,Turdus obscurus,11,NoIndex,TAGCTT
P5355,1012,GNM6270,C12,Turdus hortulorum,12,NoIndex,GGCTAC
P5355,1013,GNM5292,C13,Turdus iliacus,13,NoIndex,AGTCAA
P5355,1014,U3649,C14,Turdus aurantius,14,NoIndex,AGTTCC
P5355,1015,U3599,C15,Ciclerminia lherminieri dominicensis,15,NoIndex,ATGTCA
P5355,1016,GNM172,C16,Turdus viscivorus,16,NoIndex,CCGTCC
P5355,1017,GNM6245,C17,Turdus pallidus,17,NoIndex,GTAGAG
P5355,1018,U3362,C18,Zoothera wardii,18,NoIndex,GTCCGC
P5355,1019,U2381,C19,Zoothera citrina andamanensis,19,NoIndex,GTGAAA
P5355,1020,U2383,C20,Zoothera citrina albogularis,20,NoIndex,GTGGCC
P5355,1021,GNM8238,C21,Turdus viscivorus,21,NoIndex,GTTTCG
P5355,1022,GNM8762,C22,Turdus iliacus,22,NoIndex,CGTACG
P5355,1023,U1774,C23,Turdus merula (Tunisia),23,NoIndex,GAGTGG
P5355,1024,135528,C24,Petronia pyrgita,24,NoIndex,GGTAGC
